{"init_params": {"cat_dims": [], "cat_emb_dim": 1, "cat_idxs": [], "clip_value": 1, "device_name": "auto", "epsilon": 1e-15, "gamma": 1.6, "input_dim": 37, "lambda_sparse": 0.0007001379110865233, "mask_type": "sparsemax", "momentum": 0.02, "n_a": 32, "n_d": 32, "n_independent": 2, "n_shared": 1, "n_steps": 1, "optimizer_params": {"lr": 0.02, "weight_decay": 1e-05}, "output_dim": 2, "scheduler_params": {"mode": "min", "patience": 6, "min_lr": 1e-05, "factor": 0.5}, "seed": 0, "verbose": 1}, "class_attrs": {"preds_mapper": {"0": 0, "1": 1}}}